date,price_change,ma7,ma14,high_low_diff,open_close_diff,volume,sentiment_mean,news_count,has_news,target
2024-01-22,-0.0033061688486922813,2022.0714285714287,2029.4642769949776,1.5,-1.5,12,0.0,0.0,0.0,1
2024-01-23,0.0019308358498222322,2023.414271763393,2026.557137625558,7.800048828125,-6.60009765625,15,0.0,0.0,0.0,0
2024-01-24,-0.004842578936733011,2018.7285679408483,2025.107142857143,19.2999267578125,-9.2999267578125,253,0.0,0.0,0.0,1
2024-01-25,0.0014896469356133757,2017.4285714285713,2023.2928553989955,10.300048828125227,4.800048828125227,548,0.0,0.0,0.0,0
2024-01-26,-4.9568934864074876e-05,2019.4571533203125,2021.4642857142858,5.5999755859375,-4.89990234375,49,0.0,0.0,0.0,1
2024-01-29,0.004164965361157513,2020.4000069754463,2021.3642839704241,0.0,0.0,150708,0.0,0.0,0.0,1
2024-01-30,0.003110828056498649,2021.114292689732,2021.7285679408483,20.400024414062727,-1.0,26907,0.0,0.0,0.0,1
2024-01-31,0.008318928055008667,2025.199986049107,2023.635707310268,25.0,12.9998779296875,2007,0.0,0.0,0.0,1
2024-02-01,0.002245702926946258,2029.385707310268,2026.3999895368304,35.5,12.800048828125,947,0.0,0.0,0.0,0
2024-02-02,-0.00823186771264628,2032.5571289062498,2025.6428484235491,28.199951171875,-18.700073242187727,888,0.0,0.0,0.0,0
2024-02-05,-0.005107816187203351,2033.814261300223,2025.6214163643974,27.0,-13.2000732421875,412,0.0,0.0,0.0,1
2024-02-06,0.004344201530455782,2036.342825753348,2027.8999895368304,11.4000244140625,8.5999755859375,249,0.0,0.0,0.0,1
2024-02-07,0.0003440408807446893,2037.7713971819194,2029.085702078683,6.800048828125,2.39990234375,71,0.0,0.0,0.0,0
2024-02-08,-0.0014740566391389098,2037.871390206473,2029.4928414481026,16.39990234375,4.199951171875,341,0.0,0.0,0.0,0
2024-02-09,-0.00437944225843423,2034.2856968470983,2029.7428414481026,12.0,-8.699951171875,62,0.0,0.0,0.0,0
2024-02-12,-0.0025206828118271574,2029.3142613002233,2029.3499843052455,13.900024414062727,-7.300048828125,317,0.0,0.0,0.0,0
2024-02-13,-0.012535887112236854,2023.1428397042412,2027.8499843052455,35.800048828125,-32.19995117187477,198,0.0,0.0,0.0,0
2024-02-14,-0.0013046191751149294,2018.0857107979912,2025.949986049107,8.699951171875,0.0,1916,0.0,0.0,0.0,1
2024-02-15,0.005928717514105397,2013.4571358816963,2024.8999808175224,13.599975585937727,8.5,286,0.0,0.0,0.0,1
2024-02-16,0.00469508242779515,2010.0714285714287,2023.9214128766741,15.0,6.5,32,0.0,0.0,0.0,1
2024-02-20,0.007954262987819982,2009.4000069754463,2023.63569859096,13.400024414062727,11.900024414062727,1326,0.0,0.0,0.0,0
2024-02-21,-0.0025647108122688334,2009.2571498325892,2021.7714233398438,5.89990234375,-5.89990234375,15,0.0,0.0,0.0,0
2024-02-22,-0.0012857130957182328,2009.471435546875,2019.3928484235491,13.5,-13.5,964,0.0,0.0,0.0,1
2024-02-23,0.009357837733815932,2016.0,2019.5714198521205,23.699951171874773,12.599975585937273,22,0.0,0.0,0.0,0
2024-02-26,-0.00495436854061293,2021.4571358816963,2019.7714233398438,10.5999755859375,-5.599975585937273,143,0.0,0.0,0.0,1
2024-02-27,0.002711363076164597,2026.0142822265625,2019.7357090541295,1.9000244140625,-1.9000244140625,964,0.0,0.0,0.0,0
2024-02-28,-0.000491642084562427,2029.0857107979912,2019.57856968471,12.199951171875,3.5,581,0.0,0.0,0.0,1
2024-02-29,0.0062469017077595446,2031.6857038225446,2020.5428553989955,15.5,11.39990234375,706,0.0,0.0,0.0,1
2024-03-01,0.020139782057614797,2040.9142543247767,2025.085702078683,45.099853515625,43.79992675781273,1210,0.0,0.0,0.0,1
2024-03-04,0.014758757137097955,2054.9142543247767,2032.1928449358259,39.10009765625,34.099853515625,805,0.0,0.0,0.0,1
2024-03-05,0.00746094781717388,2068.4714006696427,2042.2357003348213,22.10009765625,18.60009765625,1287,0.0,0.0,0.0,1
2024-03-06,0.007874407700082076,2085.871407645089,2053.6642717633927,24.800048828125,24.800048828125,443,0.0,0.0,0.0,1
2024-03-07,0.003580872900073251,2103.585693359375,2064.7999877929688,16.0,11.0,152,0.0,0.0,0.0,1
2024-03-08,0.009545921064064045,2124.3857073102677,2076.7357090541295,28.599853515625,11.300048828125,259,0.0,0.0,0.0,1
2024-03-11,0.0017900955517011763,2143.9285714285716,2087.807137625558,6.800048828125,1.5,738,0.0,0.0,0.0,0
2024-03-12,-0.010126047036082442,2154.4285714285716,2097.671412876674,22.300048828125,-22.10009765625,550,0.0,0.0,0.0,1
2024-03-13,0.006943158988170106,2162.6714215959823,2108.7928379603795,12.89990234375,12.89990234375,20,0.0,0.0,0.0,0
2024-03-14,-0.005700056495539285,2166.8857073102677,2117.678553989955,0.699951171875,0.0,515,0.0,0.0,0.0,0
2024-03-15,-0.0026352062745608196,2167.8857073102677,2126.8785574776784,4.39990234375,-4.39990234375,100,0.0,0.0,0.0,1
2024-03-18,0.0015759988257531,2168.271414620536,2135.928553989955,14.5,14.5,21,0.0,0.0,0.0,0
2024-03-19,-0.002036331949451742,2165.085693359375,2144.7357003348216,0.199951171875,0.199951171875,12,0.0,0.0,0.0,1
2024-03-20,0.0007419438294287151,2161.5713936941966,2152.749982561384,35.0,0.599853515625,17,0.0,0.0,0.0,1
2024-03-21,0.011353631358614003,2164.7142508370534,2159.5714111328125,29.2001953125,-24.60009765625,63,0.0,0.0,0.0,0
2024-03-22,-0.0111344417956597,2162.242850167411,2162.4571358816966,22.10009765625,-21.099853515625,19,0.0,0.0,0.0,1
2024-03-25,0.007738265333480765,2163.9285714285716,2165.40713936942,13.199951171875,8.60009765625,79,0.0,0.0,0.0,1
2024-03-26,0.0003678723607516421,2166.5428641183034,2167.214285714286,7.099853515625,-7.099853515625,202373,0.0,0.0,0.0,1
2024-03-27,0.006894649442312106,2170.8143136160716,2169.5428641183034,24.099853515625,11.2001953125,31200,0.0,0.0,0.0,1
2024-03-28,0.012234001411838502,2179.5428641183034,2172.314278738839,47.0,23.7998046875,2040,0.0,0.0,0.0,1
2024-04-01,0.008613736131250604,2190.7714494977677,2176.1714215959823,34.199951171875,0.800048828125,400,0.0,0.0,0.0,1
2024-04-02,0.010954616588419341,2202.0000348772323,2183.3571428571427,31.599853515625,9.0,435,0.0,0.0,0.0,1
2024-04-03,0.014772181487726632,2221.471435546875,2191.8571428571427,30.900146484375,12.699951171875,285,0.0,0.0,0.0,0
2024-04-04,-0.0024406615036484114,2237.757149832589,2200.84286063058,22.89990234375,-12.89990234375,251,0.0,0.0,0.0,1
2024-04-05,0.016121942308871873,2259.1999860491073,2212.871425083705,61.0,36.5,344,0.0,0.0,0.0,1
2024-04-08,0.0025798684808746586,2279.357107979911,2225.085710797991,22.800048828125,6.099853515625,202,0.0,0.0,0.0,1
2024-04-09,0.005060706383852809,2297.371407645089,2238.4571358816966,26.89990234375,5.699951171875,211,0.0,0.0,0.0,0
2024-04-10,-0.00593125766748448,2310.6714215959823,2250.721435546875,30.400146484375,-17.0,377,0.0,0.0,0.0,1
2024-04-11,0.010817286278974603,2324.0714285714284,2263.03573172433,45.699951171875,13.300048828125,283,0.0,0.0,0.0,1
2024-04-12,0.000594488837575291,2332.9000069754466,2277.185721261161,94.699951171875,-21.10009765625,584,0.0,0.0,0.0,1
2024-04-15,0.00407439854647107,2343.9000069754466,2290.8285784040177,58.699951171875,3.699951171875,1801,0.0,0.0,0.0,1
2024-04-16,0.010567249760766284,2353.200020926339,2306.2000034877233,19.400146484375,6.800048828125,41,0.0,0.0,0.0,0
2024-04-17,-0.007988998354593546,2358.914306640625,2319.1357073102677,22.099853515625,-12.5,37,0.0,0.0,0.0,1
2024-04-18,0.004469409231556698,2364.4571707589284,2330.914289202009,16.0,13.900146484375,128,0.0,0.0,0.0,1
2024-04-19,0.006758113245871167,2374.285714285714,2342.4785679408483,22.5,19.099853515625,160,0.0,0.0,0.0,0
2024-04-22,-0.027601715254901182,2371.05712890625,2347.564278738839,56.400146484375,-51.10009765625,53,0.0,0.0,0.0,0
2024-04-23,-0.0019295086588689836,2366.9857003348216,2349.942853655134,36.60009765625,0.0,171,0.0,0.0,0.0,0
2024-04-24,-0.0013747266567858407,2361.085693359375,2352.492850167411,14.099853515625,3.199951171875,95,0.0,0.0,0.0,1
2024-04-25,0.0022800812338674703,2352.371407645089,2352.785714285714,24.800048828125,14.800048828125,1024,0.0,0.0,0.0,1
2024-04-26,0.002146106916992796,2347.0999930245534,2353.007149832589,15.099853515625,-13.099853515625,717,0.0,0.0,0.0,1
2024-04-29,0.004539940591891556,2341.828543526786,2353.1428571428573,17.60009765625,10.599853515625,405,0.0,0.0,0.0,0
2024-04-30,-0.02302379220960915,2326.5428292410716,2350.4142717633927,31.10009765625,-31.10009765625,113,0.0,0.0,0.0,1
2024-05-01,0.0037095227207202264,2321.928536551339,2346.492832728795,43.5,12.199951171875,42,0.0,0.0,0.0,0
2024-05-02,-0.00030433984155642246,2317.857107979911,2342.421404157366,32.39990234375,-22.5,56,0.0,0.0,0.0,0
2024-05-03,-8.696554285025915e-05,2314.2142508370534,2337.649972098214,23.39990234375,-1.0,194,0.0,0.0,0.0,1
2024-05-06,0.009830403504240914,2313.0428292410716,2332.70711844308,11.300048828125,-1.199951171875,9,0.0,0.0,0.0,0
2024-05-07,-0.002756782484130804,2310.2428152901784,2328.671404157366,9.10009765625,-9.10009765625,25,0.0,0.0,0.0,0
2024-05-08,-0.0006910217473075075,2305.6999860491073,2323.7642647879466,0.0,0.0,4,0.0,0.0,0.0,1
2024-05-09,0.007996196066356154,2311.5142996651784,2319.028564453125,28.800048828125,21.400146484375,5,0.0,0.0,0.0,1
2024-05-10,0.01509367081080737,2321.142892020089,2321.535714285714,0.0,0.0,126,0.0,0.0,0.0,0
2024-05-13,-0.013179550765995973,2326.4143415178573,2322.135724748884,22.199951171875,-22.199951171875,14,0.0,0.0,0.0,1
2024-05-14,0.007405420985537647,2334.1857561383927,2324.2000034877233,22.0,17.39990234375,6,0.0,0.0,0.0,1
2024-05-15,0.014999596453186603,2343.7714494977677,2328.40713936942,32.699951171875,27.099853515625,29,0.0,0.0,0.0,0
2024-05-16,-0.0036421280821004043,2353.0285993303573,2331.6357073102677,12.199951171875,-9.5,7,0.0,0.0,0.0,1
2024-05-17,0.013529391248686906,2367.1142926897323,2336.40713936942,35.10009765625,31.5,213,0.0,0.0,0.0,1
2024-05-20,0.008995917258572517,2381.6571219308034,2346.585710797991,26.10009765625,18.099853515625,40,0.0,0.0,0.0,0
2024-05-21,-0.005012511467758718,2389.428536551339,2355.285714285714,8.5,-7.800048828125,6,0.0,0.0,0.0,0
2024-05-22,-0.013420324835978548,2397.014229910714,2361.714285714286,41.800048828125,-28.300048828125,180,0.0,0.0,0.0,0
2024-05-23,-0.022685397739645285,2394.385672433036,2364.285714285714,36.199951171875,-36.199951171875,365,0.0,0.0,0.0,0
2024-05-24,-0.0010706638115631772,2386.357107979911,2365.064278738839,12.89990234375,-10.10009765625,25,0.0,0.0,0.0,1
2024-05-28,0.009732026225884205,2382.8142438616073,2367.9214215959823,22.800048828125,18.300048828125,26,0.0,0.0,0.0,0
2024-05-29,-0.006326385297492965,2372.5428292410716,2369.8285609654017,0.0,0.0,119317,0.0,0.0,0.0,1
2024-05-30,0.0011109060639156176,2359.5428292410716,2370.5999755859375,28.699951171875,6.0,32587,0.0,0.0,0.0,0
2024-05-31,-0.008536429567474357,2345.428536551339,2367.428536551339,35.0,-21.2001953125,941,0.0,0.0,0.0,1
2024-06-03,0.010202848296901212,2339.342843191964,2368.178536551339,35.5,24.0,781,0.0,0.0,0.0,0
2024-06-04,-0.00899177396153883,2337.9857003348216,2366.1856863839284,33.800048828125,-22.0,890,0.0,0.0,0.0,1
2024-06-05,0.012298472438722952,2341.0714285714284,2363.71426827567,28.10009765625,27.7001953125,295,0.0,0.0,0.0,1
2024-06-06,0.006881589779467623,2343.228585379464,2363.021414620536,20.800048828125,15.300048828125,179,0.0,0.0,0.0,0
2024-06-07,-0.027464918497738466,2338.214285714286,2355.3785574776784,99.7001953125,-74.699951171875,269,0.0,0.0,0.0,1
2024-06-10,0.0010845046212710763,2333.185721261161,2346.364275251116,18.800048828125,17.099853515625,69,0.0,0.0,0.0,0
2024-06-11,-8.664522082846293e-05,2330.9857352120534,2338.2071358816966,14.10009765625,7.5,871,0.0,0.0,0.0,1
2024-06-12,0.012351029252437806,2329.471435546875,2334.40713936942,28.39990234375,21.10009765625,132,0.0,0.0,0.0,0
2024-06-13,-0.015325363368204226,2325.8571428571427,2331.9214215959823,21.5,-9.199951171875,298,0.0,0.0,0.0,1
2024-06-14,0.013564016969907167,2322.6142578125,2331.842843191964,25.599853515625,24.39990234375,948,0.0,0.0,0.0,0
2024-06-17,-0.008149610017955,2314.3428083147323,2328.7856968470983,10.599853515625,-7.800048828125,110,0.0,0.0,0.0,1
2024-06-18,0.0077841207231310605,2317.942801339286,2328.078543526786,18.599853515625,18.599853515625,43,0.0,0.0,0.0,1
2024-06-20,0.010041257923518065,2324.5285295758927,2328.8571254185267,25.699951171875,24.900146484375,183,0.0,0.0,0.0,0
2024-06-21,-0.015889262345370136,2325.7999441964284,2328.392839704241,14.800048828125,-14.800048828125,76,0.0,0.0,0.0,1
2024-06-24,0.005871221822488115,2324.942801339286,2327.20711844308,10.199951171875,6.699951171875,99,0.0,0.0,0.0,0
2024-06-25,-0.005751031048819688,2327.2856794084823,2326.5714111328125,16.39990234375,-7.7998046875,105,0.0,0.0,0.0,0
2024-06-26,-0.007511070426863498,2322.6856863839284,2322.649972098214,16.39990234375,-8.699951171875,986,0.0,0.0,0.0,1
2024-06-27,0.011003848888927692,2324.4142717633927,2319.3785400390625,34.0,27.699951171875,1532,0.0,0.0,0.0,1
2024-06-28,0.0013766191318025367,2324.028564453125,2320.985682896205,19.300048828125,2.300048828125,92,0.0,0.0,0.0,0
2024-07-01,-4.289793260281449e-05,2320.285714285714,2322.4071219308034,8.0,3.800048828125,237,0.0,0.0,0.0,0
2024-07-02,-0.0019763264578318562,2321.228585379464,2323.5142647879466,11.60009765625,-7.699951171875,30,0.0,0.0,0.0,1
2024-07-03,0.015841605177841167,2325.4857352120534,2325.21426827567,30.7001953125,28.900146484375,59,0.0,0.0,0.0,1
2024-07-05,0.012162026687865923,2335.757149832589,2331.521414620536,33.60009765625,33.60009765625,72,0.0,0.0,0.0,0
2024-07-08,-0.013941824922807156,2343.757149832589,2333.221418108259,31.0,-26.5,64,0.0,0.0,0.0,1
2024-07-09,0.002080564956676856,2348.8428780691966,2336.628574916295,3.599853515625,-3.0,9,0.0,0.0,0.0,1
2024-07-10,0.005126839123324123,2355.200020926339,2339.6142926897323,11.199951171875,5.89990234375,19,0.0,0.0,0.0,1
2024-07-11,0.01804234453633713,2367.685721261161,2343.9857177734375,38.0,36.300048828125,72,0.0,0.0,0.0,0
2024-07-12,-0.00041407867494824835,2380.685721261161,2350.9571533203125,22.699951171875,14.199951171875,355,0.0,0.0,0.0,1
2024-07-15,0.003686786389291541,2389.6999860491073,2357.59286063058,13.10009765625,-7.10009765625,540,0.0,0.0,0.0,1
2024-07-16,0.016302778320222977,2400.2571149553573,2368.0071323939733,35.0,35.0,93,0.0,0.0,0.0,0
2024-07-17,-0.0030863603870319167,2414.4857003348216,2379.121425083705,18.300048828125,-18.099853515625,10,0.0,0.0,0.0,0
2024-07-18,-0.001222095462085404,2427.585693359375,2388.214285714286,14.199951171875,-14.199951171875,2,0.0,0.0,0.0,0
2024-07-19,-0.02296274072391602,2430.9142717633927,2393.057146344866,23.699951171875,-23.300048828125,15,0.0,0.0,0.0,0
2024-07-22,-0.001461072844917588,2427.6285574776784,2397.65713936942,10.10009765625,-10.10009765625,18,0.0,0.0,0.0,1
2024-07-23,0.005267599354619623,2426.285714285714,2403.4857177734375,15.900146484375,8.800048828125,41,0.0,0.0,0.0,1
2024-07-24,0.0036180449216294264,2424.914306640625,2407.307146344866,9.39990234375,-7.699951171875,6,0.0,0.0,0.0,0
2024-07-25,-0.02544240054782676,2409.128592354911,2404.692853655134,13.60009765625,-13.60009765625,31,0.0,0.0,0.0,1
2024-07-26,0.011947828914082192,2398.44287109375,2406.464285714286,18.199951171875,11.300048828125,95,0.0,0.0,0.0,0
2024-07-29,-0.0011344332654936728,2387.8000139508927,2407.692853655134,0.0,0.0,126409,0.0,0.0,0.0,1
2024-07-30,0.011651853196036122,2389.157156808036,2410.035714285714,35.5,24.10009765625,25944,0.0,0.0,0.0,1
2024-07-31,0.008939708939708968,2394.0857282366073,2410.8571428571427,44.800048828125,19.39990234375,1313,0.0,0.0,0.0,1
2024-08-01,0.0035029878425716365,2398.4285714285716,2412.3571428571427,24.7001953125,-11.699951171875,690,0.0,0.0,0.0,0
2024-08-02,-0.0038193219006673607,2400.1999860491073,2412.557146344866,61.0,-18.300048828125,550,0.0,0.0,0.0,0
2024-08-05,-0.00989405140087729,2407.314278738839,2408.221435546875,82.400146484375,-40.300048828125,334,0.0,0.0,0.0,0
2024-08-06,-0.005246222996955541,2408.6142926897323,2403.528581891741,41.800048828125,-25.39990234375,163,0.0,0.0,0.0,1
2024-08-07,0.0005859538263479624,2410.5,2399.1500069754466,16.5,-1.699951171875,130,0.0,0.0,0.0,1
2024-08-08,0.01326080366947302,2412.9571358816966,2401.057146344866,38.5,37.89990234375,201,0.0,0.0,0.0,1
2024-08-09,0.004087254018639186,2413.757149832589,2403.9214390345983,13.60009765625,9.800048828125,611,0.0,0.0,0.0,1
2024-08-12,0.012458288504120008,2417.6714215959823,2408.0499965122767,37.800048828125,29.699951171875,566,0.0,0.0,0.0,1
2024-08-13,0.0017462837064086134,2423.528564453125,2411.864275251116,13.5,5.699951171875,510,0.0,0.0,0.0,0
2024-08-14,-0.011067438021862053,2428.9142717633927,2418.114275251116,32.7001953125,-28.60009765625,274,0.0,0.0,0.0,1
2024-08-15,0.005616215405820579,2438.05712890625,2423.335710797991,36.5,1.300048828125,285,0.0,0.0,0.0,1
2024-08-16,0.018547958986048663,2453.5,2432.0,56.60009765625,45.10009765625,197,0.0,0.0,0.0,1
2024-08-19,0.001280697609383985,2464.8714425223216,2438.914289202009,21.300048828125,-6.699951171875,88,0.0,0.0,0.0,1
2024-08-20,0.0037972658943907778,2476.185721261161,2444.971435546875,26.60009765625,7.800048828125,187,0.0,0.0,0.0,0
2024-08-21,-0.0011548387002693339,2482.757149832589,2450.214285714286,11.5,-2.60009765625,96,0.0,0.0,0.0,0
2024-08-22,-0.011760485229024398,2484.5,2454.0142822265625,33.0,-25.2001953125,210,0.0,0.0,0.0,1
2024-08-23,0.011900440179980043,2494.3571428571427,2461.6357073102677,21.89990234375,21.89990234375,94,0.0,0.0,0.0,1
2024-08-26,0.003707562266860087,2503.585693359375,2470.8214111328125,14.0,7.800048828125,290,0.0,0.0,0.0,0
2024-08-27,-0.0006752000654739465,2506.0713936941966,2479.7856968470983,16.2001953125,0.800048828125,100,0.0,0.0,0.0,0
2024-08-28,-0.0059618441971383,2505.957101004464,2485.4142717633927,0.0,0.0,2353,0.0,0.0,0.0,1
2024-08-29,0.009876030056727325,2508.014229910714,2492.0999755859375,21.800048828125,21.599853515625,3966,0.0,0.0,0.0,0
2024-08-30,-0.012630123514453473,2505.928536551339,2494.342843191964,31.599853515625,-25.699951171875,208,0.0,0.0,0.0,0
2024-09-03,-0.0015639371272799796,2507.4999651227677,2495.999982561384,25.5,-11.7001953125,206,0.0,0.0,0.0,1
2024-09-04,0.0014056789980614326,2505.357107979911,2499.8571254185267,9.89990234375,2.5,470,0.0,0.0,0.0,1
2024-09-05,0.007219058596689809,2504.457101004464,2504.02139718192,19.900146484375,17.699951171875,54,0.0,0.0,0.0,0
2024-09-06,-0.007127459998324093,2501.2428152901784,2503.6571044921875,34.199951171875,-16.800048828125,96,0.0,0.0,0.0,1
2024-09-09,0.003328674083868055,2501.357107979911,2503.6571044921875,13.39990234375,10.5,96,0.0,0.0,0.0,1
2024-09-10,0.004196978093800263,2499.4428362165177,2503.728533063616,0.0,0.0,5,0.0,0.0,0.0,0
2024-09-11,-7.95888898574848e-05,2502.05712890625,2503.992832728795,23.5,-13.699951171875,90,0.0,0.0,0.0,1
2024-09-12,0.015564608095077315,2510.814278738839,2509.1571219308034,33.60009765625,22.099853515625,132,0.0,0.0,0.0,1
2024-09-13,0.011798407899162866,2523.3714425223216,2514.364275251116,16.800048828125,12.5,31,0.0,0.0,0.0,0
2024-09-16,-0.00034871826883653423,2533.228585379464,2518.842843191964,0.0,0.0,28,0.0,0.0,0.0,0
2024-09-17,-0.006239286205599992,2543.3428780691966,2522.2928466796875,17.5,-16.89990234375,22,0.0,0.0,0.0,1
2024-09-18,0.0024957696922693895,2553.185721261161,2527.271414620536,21.5,0.0,25,0.0,0.0,0.0,1
2024-09-19,0.006729703643647111,2564.0,2531.721418108259,22.0,22.0,99,0.0,0.0,0.0,1
2024-09-20,0.012326082822160078,2579.399972098214,2540.7285505022323,31.400146484375,29.5,17,0.0,0.0,0.0,1
2024-09-23,0.002519217490082548,2590.1571219308034,2550.4857003348216,0.0,0.0,9,0.0,0.0,0.0,1
2024-09-24,0.009404131418951023,2600.142822265625,2561.7571323939733,36.800048828125,14.39990234375,35,0.0,0.0,0.0,1
2024-09-25,0.003017501564325231,2611.399972098214,2572.314278738839,14.89990234375,2.89990234375,175,0.0,0.0,0.0,1
2024-09-26,0.004023748258253246,2626.485665457589,2584.9142717633927,9.099853515625,7.599853515625,17216,0.0,0.0,0.0,0
2024-09-27,-0.009588319582000904,2636.9999651227677,2595.092843191964,30.400146484375,-25.699951171875,4228,0.0,0.0,0.0,0
2024-09-30,-0.0031009911963315595,2643.871407645089,2603.935703822545,38.900146484375,-24.7998046875,973,0.0,0.0,0.0,1
2024-10-01,0.011835647363927837,2650.6428571428573,2615.021414620536,39.5,35.900146484375,153,0.0,0.0,0.0,0
2024-10-02,-0.007573182919840549,2653.5857282366073,2621.871425083705,17.199951171875,-3.5,72,0.0,0.0,0.0,1
2024-10-03,0.003777718873892999,2654.4286063058034,2627.285714285714,17.10009765625,14.300048828125,354,0.0,0.0,0.0,0
2024-10-04,-0.004252774985064489,2652.514334542411,2631.9571533203125,28.0,-10.199951171875,114,0.0,0.0,0.0,0
2024-10-07,-0.00037795751059988003,2648.928641183036,2637.7071533203125,18.39990234375,-3.89990234375,284,0.0,0.0,0.0,0
2024-10-08,-0.011267410873396222,2644.742919921875,2640.8714425223216,29.699951171875,-24.0,687,0.0,0.0,0.0,0
2024-10-09,-0.0034416826003823564,2640.4429059709823,2642.157156808036,4.699951171875,3.0,152,0.0,0.0,0.0,1
2024-10-10,0.005602493344685433,2633.771484375,2642.2071707589284,25.800048828125,18.10009765625,320,0.0,0.0,0.0,1
2024-10-11,0.014118903541632033,2635.271484375,2644.4286063058034,19.900146484375,19.300048828125,12,0.0,0.0,0.0,0
2024-10-14,-0.003687555865447112,2633.9429059709823,2644.1857561383927,7.5,-7.199951171875,40,0.0,0.0,0.0,1
2024-10-15,0.005136284184919404,2636.171456473214,2644.3428955078125,0.0,0.0,39,0.0,0.0,0.0,1
2024-10-16,0.004734387209210489,2640.3428780691966,2644.635759626116,0.0,0.0,6,0.0,0.0,0.0,1
2024-10-17,0.006357516828721099,2651.200020926339,2647.9714704241073,14.5,13.60009765625,30,0.0,0.0,0.0,1
2024-10-18,0.00843550768185608,2666.5857282366073,2653.514317103795,5.900146484375,0.0,29,0.0,0.0,0.0,1
2024-10-21,0.003463959410956896,2681.228585379464,2657.5000348772323,18.89990234375,1.2001953125,52,0.0,0.0,0.0,1
2024-10-22,0.007748467834063577,2693.5999930245534,2664.4357386997767,17.39990234375,12.5,93,0.0,0.0,0.0,0
2024-10-23,-0.010859284803718228,2703.1142578125,2668.528581891741,28.300048828125,-28.10009765625,18,0.0,0.0,0.0,1
2024-10-24,0.007552313858506743,2713.6142578125,2674.8928571428573,7.10009765625,5.89990234375,27,0.0,0.0,0.0,1
2024-10-25,0.0021938645706405246,2723.17138671875,2681.7571323939733,16.89990234375,15.39990234375,29,0.0,0.0,0.0,1
2024-10-28,0.0007296873549778038,2730.5856584821427,2690.892839704241,13.39990234375,6.7998046875,56,0.0,0.0,0.0,1
2024-10-29,0.009296730069591863,2738.3999372209823,2702.492832728795,0.0,0.0,848,0.0,0.0,0.0,1
2024-10-30,0.007260547018237196,2747.7427804129466,2714.485682896205,14.39990234375,13.89990234375,231,0.0,0.0,0.0,0
2024-10-31,-0.018002492799668257,2746.8999372209823,2720.2499651227677,54.0,-49.099853515625,849,0.0,0.0,0.0,1
2024-11-01,0.0001095748540242969,2750.357107979911,2726.735682896205,21.800048828125,-6.89990234375,109,0.0,0.0,0.0,0
2024-11-04,-0.0009128751591513939,2750.528564453125,2732.0714111328125,1.0,-0.39990234375,16,0.0,0.0,0.0,1
2024-11-05,0.0015350137136695974,2750.44287109375,2736.80712890625,3.599853515625,-2.699951171875,23,0.0,0.0,0.0,0
2024-11-06,-0.026529923685898793,2739.6857561383927,2735.1357073102677,75.10009765625,-66.89990234375,427,0.0,0.0,0.0,1
2024-11-07,0.01154588527514333,2729.6857561383927,2734.0428466796875,36.60009765625,35.89990234375,676,0.0,0.0,0.0,0
2024-11-08,-0.004039394729551615,2715.2571847098216,2731.499982561384,11.7001953125,-1.0,1038,0.0,0.0,0.0,0
2024-11-11,-0.028390715843023218,2697.100027901786,2721.999982561384,60.5,-60.5,20,0.0,0.0,0.0,0
2024-11-12,-0.004289197066983941,2677.3000139508927,2713.8285609654017,12.699951171875,-5.5,118,0.0,0.0,0.0,0
2024-11-13,-0.007384596604567362,2655.1142926897323,2702.8214285714284,31.0,-30.300048828125,53,0.0,0.0,0.0,0
2024-11-14,-0.00488224481473154,2630.528564453125,2690.4857177734375,22.0,13.099853515625,27,0.0,0.0,0.0,0
2024-11-15,-0.0009734444542992549,2615.9714006696427,2677.8285784040177,0.0,0.0,20,0.0,0.0,0.0,1
2024-11-18,0.017500154865679907,2603.4285714285716,2666.5571637834823,21.300048828125,18.900146484375,136,0.0,0.0,0.0,1
2024-11-19,0.006320385881703361,2594.8000139508927,2655.0285993303573,8.39990234375,5.2001953125,87,0.0,0.0,0.0,1
2024-11-20,0.008031613844653007,2600.0857282366073,2648.5928780691966,9.699951171875,9.699951171875,27,0.0,0.0,0.0,1
2024-11-21,0.009025053593026078,2610.3857421875,2643.8428780691966,16.400146484375,12.800048828125,33,0.0,0.0,0.0,1
2024-11-22,0.01414610355377599,2628.8285784040177,2641.971435546875,24.89990234375,22.39990234375,41,0.0,0.0,0.0,0
2024-11-25,-0.034355458456271526,2635.7714494977677,2633.1500069754466,72.599853515625,-72.599853515625,94,0.0,0.0,0.0,1
2024-11-26,0.0013375114394267307,2643.571463448661,2629.7714320591517,5.300048828125,-5.300048828125,177858,0.0,0.0,0.0,1
2024-11-27,0.007480003492115639,2647.757149832589,2625.59286063058,30.699951171875,6.39990234375,61653,0.0,0.0,0.0,1
2024-11-29,0.00647755531983174,2652.028564453125,2623.414289202009,43.60009765625,20.60009765625,3861,0.0,0.0,0.0,0
2024-12-02,-0.008317688240967236,2650.1285574776784,2625.1071428571427,28.10009765625,-14.10009765625,695,0.0,0.0,0.0,1
2024-12-03,0.003719324904679633,2646.2142508370534,2628.2999965122767,18.699951171875,5.699951171875,1062,0.0,0.0,0.0,1
2024-12-04,0.0034408809408483787,2638.1999860491073,2633.5142822265625,21.300048828125,14.60009765625,249,0.0,0.0,0.0,0
2024-12-05,-0.010249435025779796,2639.5999930245534,2637.685721261161,29.300048828125,-25.7998046875,573,0.0,0.0,0.0,1
2024-12-06,0.004568643704349062,2642.214285714286,2642.8928745814733,25.60009765625,18.400146484375,571,0.0,0.0,0.0,1
2024-12-09,0.009967332568076914,2645.785714285714,2646.7714320591517,46.300048828125,32.7998046875,935,0.0,0.0,0.0,1
2024-12-10,0.012270703032313035,2651.5857282366073,2651.807146344866,37.199951171875,35.300048828125,437,0.0,0.0,0.0,1
2024-12-11,0.013419317119437668,2665.7143205915177,2657.9214390345983,40.699951171875,32.0,3387,0.0,0.0,0.0,0
2024-12-12,-0.016936150413770057,2671.82861328125,2659.0214320591517,47.7001953125,-37.60009765625,2365,0.0,0.0,0.0,0
2024-12-13,-0.011720930232558158,2672.142892020089,2655.1714390345983,41.400146484375,-32.199951171875,1125,0.0,0.0,0.0,0
2024-12-16,-0.0017319644790098065,2675.685721261161,2657.6428571428573,12.300048828125,-6.900146484375,877,0.0,0.0,0.0,0
2024-12-17,-0.002640114753648559,2676.5142647879466,2659.364275251116,19.800048828125,-7.400146484375,705,0.0,0.0,0.0,0
2024-12-18,-0.0029874083480143643,2672.4571358816966,2659.121425083705,56.900146484375,-7.800048828125,566,0.0,0.0,0.0,0
2024-12-19,-0.016802597696994104,2657.399972098214,2654.492850167411,28.199951171875,10.099853515625,238,0.0,0.0,0.0,1
2024-12-20,0.014080703914641779,2642.385672433036,2654.0499965122767,26.7001953125,23.39990234375,592,0.0,0.0,0.0,0
2024-12-23,-0.006238788240719106,2631.642822265625,2651.7357177734375,16.599853515625,-7.699951171875,451,0.0,0.0,0.0,1
2024-12-24,0.002947575327470142,2626.4999651227677,2649.3214285714284,10.5,7.0,35,0.0,0.0,0.0,1
2024-12-26,0.007175591155772931,2624.6999860491073,2650.192853655134,10.900146484375,10.300048828125,84,0.0,0.0,0.0,0
2024-12-27,-0.008185575737669981,2620.814278738839,2648.6642717633927,1.300048828125,-0.5,642,0.0,0.0,0.0,0
2024-12-30,-0.0042411178827413964,2616.471435546875,2644.464285714286,29.89990234375,-14.599853515625,794,0.0,0.0,0.0,1
2024-12-31,0.008863762959987476,2621.757149832589,2639.5785609654017,24.300048828125,20.800048828125,401,0.0,0.0,0.0,1
2025-01-02,0.011296193413755873,2626.0714285714284,2634.2285505022323,30.10009765625,25.89990234375,1728,0.0,0.0,0.0,0
2025-01-03,-0.005227689215189235,2630.742850167411,2631.1928362165177,16.89990234375,-13.699951171875,591,0.0,0.0,0.0,0
2025-01-06,-0.002495311023156921,2633.371407645089,2629.9356863839284,29.699951171875,-7.10009765625,960,0.0,0.0,0.0,1
2025-01-07,0.006936040594857751,2635.928536551339,2630.3142613002233,4.5,3.300048828125,643,0.0,0.0,0.0,1
2025-01-08,0.002935991633034929,2642.6856863839284,2631.749982561384,23.39990234375,9.0,999,0.0,0.0,0.0,1
2025-01-09,0.007243403575952323,2653.7856794084823,2635.1285574776784,18.400146484375,14.10009765625,1139,0.0,0.0,0.0,1
2025-01-10,0.009203349997202626,2665.1142578125,2643.435703822545,36.400146484375,22.39990234375,403,0.0,0.0,0.0,0
2025-01-13,-0.012922281705741168,2667.1999860491073,2646.6357073102677,37.699951171875,-37.60009765625,765,0.0,0.0,0.0,1
2025-01-14,0.0014961660744343686,2671.842843191964,2651.2928466796875,17.5,3.89990234375,794,0.0,0.0,0.0,1
2025-01-15,0.013071895424836555,2682.4285714285716,2657.89998953683,21.699951171875,21.699951171875,930,0.0,0.0,0.0,1
2025-01-16,0.012497659850230436,2695.242850167411,2665.585693359375,18.10009765625,14.699951171875,1721,0.0,0.0,0.0,0
2025-01-17,-0.0007645840337501264,2706.6428571428573,2674.6642717633927,26.10009765625,8.300048828125,1214,0.0,0.0,0.0,1
2025-01-21,0.0038989727732010593,2716.814278738839,2685.299979073661,30.199951171875,9.0,1439,0.0,0.0,0.0,1
2025-01-22,0.0045735381692377786,2725.257149832589,2695.185703822545,15.300048828125,13.10009765625,2079,0.0,0.0,0.0,0
2025-01-23,-0.0016259574509376318,2738.0571637834823,2702.628574916295,19.60009765625,3.10009765625,2201,0.0,0.0,0.0,1
2025-01-24,0.005139137443453512,2752.3143136160716,2712.0785784040177,32.199951171875,17.5,1593,0.0,0.0,0.0,0
2025-01-27,-0.014330482169155112,2755.8857421875,2719.157156808036,24.699951171875,-23.60009765625,984,0.0,0.0,0.0,1
2025-01-28,0.010703214183789944,2758.800048828125,2727.0214494977677,28.800048828125,28.800048828125,2307,0.0,0.0,0.0,1
2025-01-29,0.0008313028724642457,2762.3429129464284,2734.4928850446427,0.0,0.0,125692,0.0,0.0,0.0,1
2025-01-30,0.019464772107505413,2772.057198660714,2744.4357386997767,59.5,50.5,40141,0.0,0.0,0.0,0
2025-01-31,-0.0037194473963868546,2778.4714704241073,2751.8643101283483,34.0,-16.5,3443,0.0,0.0,0.0,1
2025-02-03,0.007608854166666568,2788.5857282366073,2763.321446010045,67.5,15.699951171875,2649,0.0,0.0,0.0,1
2025-02-04,0.006845741611526401,2799.44287109375,2775.878592354911,37.199951171875,25.699951171875,2187,0.0,0.0,0.0,1
2025-02-05,0.006413643330515084,2818.600027901786,2787.2428850446427,32.5,21.60009765625,4519,0.0,0.0,0.0,0
2025-02-06,-0.005432545314712378,2831.3428780691966,2795.071463448661,35.39990234375,-9.199951171875,3116,0.0,0.0,0.0,1
2025-02-07,0.003956599729735721,2845.3714425223216,2803.857177734375,31.699951171875,7.400146484375,1822,0.0,0.0,0.0,1
2025-02-10,0.016391727129920985,2858.414306640625,2815.23575265067,52.300048828125,50.10009765625,2237,0.0,0.0,0.0,0
2025-02-11,-0.0006176607754746488,2872.700020926339,2825.5857456752233,55.39990234375,-13.0,2554,0.0,0.0,0.0,0
2025-02-12,-0.001201716738197467,2883.4286063058034,2836.007167271205,43.699951171875,7.0,2504,0.0,0.0,0.0,1
2025-02-13,0.005809522978257098,2893.8000139508927,2846.6214425223216,27.099853515625,14.599853515625,4670,0.0,0.0,0.0,0
2025-02-14,-0.014457023855674711,2895.5142996651784,2857.0571637834823,69.599853515625,-53.699951171875,1992,0.0,0.0,0.0,1
2025-02-18,0.01664585877875835,2906.3143136160716,2868.828595842634,62.599853515625,52.400146484375,4010,0.0,0.0,0.0,0
2025-02-19,-0.004161616491367259,2913.757149832589,2879.564296177455,28.89990234375,-19.300048828125,2630,0.0,0.0,0.0,1
2025-02-20,0.007056278120620485,2917.4285714285716,2887.9214390345983,31.60009765625,-9.10009765625,656,0.0,0.0,0.0,0
2025-02-21,-0.0008162933142006334,2921.0142996651784,2896.857160295759,22.699951171875,-1.199951171875,570,0.0,0.0,0.0,1
2025-02-24,0.0035061970129008913,2926.5714285714284,2905.000017438616,24.7998046875,14.7998046875,415,0.0,0.0,0.0,0
2025-02-25,-0.014722312080286182,2923.5142996651784,2908.657156808036,53.199951171875,-34.199951171875,1854,0.0,0.0,0.0,1
2025-02-26,0.004234824867662246,2928.257149832589,2911.885724748884,4.0,3.300048828125,2050,0.0,0.0,0.0,0
2025-02-27,-0.011519506683274172,2921.342843191964,2913.8285784040177,52.400146484375,-35.300048828125,3215,0.0,0.0,0.0,0
2025-02-28,-0.016093196146486743,2909.5428641183034,2911.6500069754466,43.0,-40.300048828125,990,0.0,0.0,0.0,1
2025-03-03,0.018823992323959926,2902.4285714285716,2909.9285714285716,28.400146484375,17.5,423,0.0,0.0,0.0,1
2025-03-04,0.006712389043017186,2898.4285714285716,2909.721435546875,41.7998046875,23.5,885,0.0,0.0,0.0,1
2025-03-05,0.0019590153218878026,2893.7714494977677,2910.1714390345983,29.0,-1.39990234375,551,0.0,0.0,0.0,1
2025-03-06,0.0004459399740508463,2895.5000348772323,2909.507167271205,14.800048828125,12.60009765625,870,0.0,0.0,0.0,0
2025-03-07,-0.00408014334702167,2893.7714494977677,2911.0142996651784,26.800048828125,3.800048828125,531,0.0,0.0,0.0,0
2025-03-10,-0.0047164772273115,2894.8857421875,2908.1142926897323,34.900146484375,-19.10009765625,55,0.0,0.0,0.0,1
2025-03-11,0.007575199703822255,2905.757149832589,2907.6500069754466,36.300048828125,28.5,197,0.0,0.0,0.0,1
2025-03-12,0.008994540214519287,2912.7428850446427,2907.5857282366073,29.10009765625,27.10009765625,213,0.0,0.0,0.0,1
2025-03-13,0.015378840349098422,2923.414306640625,2910.9214390345983,52.800048828125,47.199951171875,2366,0.0,0.0,0.0,1
2025-03-14,0.003417870524071498,2934.728585379464,2914.250017438616,18.800048828125,0.10009765625,1800,0.0,0.0,0.0,1
2025-03-17,0.0018367006177992806,2946.6428571428573,2921.071446010045,12.5,9.0,214,0.0,0.0,0.0,1
2025-03-18,0.011700032552083295,2965.2714494977677,2929.5214494977677,34.800048828125,28.7001953125,428,0.0,0.0,0.0,1
2025-03-19,0.000263518388773365,2985.971435546875,2940.4285888671875,20.0,0.699951171875,175,0.0,0.0,0.0,1
2025-03-20,0.0013505378267197887,3004.128592354911,2954.94287109375,12.900146484375,-7.300048828125,185,0.0,0.0,0.0,0
2025-03-21,-0.007171068693462179,3015.4285714285716,2964.0857282366073,36.60009765625,-16.300048828125,151,0.0,0.0,0.0,0
2025-03-24,-0.0016897003505831343,3019.5428641183034,2971.478585379464,18.300048828125,-11.199951171875,137,0.0,0.0,0.0,1
2025-03-25,0.003517922794489925,3023.714285714286,2979.221435546875,5.10009765625,-2.699951171875,74,0.0,0.0,0.0,0
2025-03-26,-0.000926033956193284,3026.6999860491073,2986.6714215959823,13.699951171875,-12.300048828125,83,0.0,0.0,0.0,1
2025-03-27,0.013009384653107636,3030.2856794084823,2997.778564453125,39.5,34.699951171875,124359,0.0,0.0,0.0,1
2025-03-28,0.008594225621777918,3037.5142647879466,3011.742850167411,28.099853515625,16.800048828125,31206,0.0,0.0,0.0,1
2025-03-31,0.011760910036651584,3049.342843191964,3026.7357177734375,46.5,31.800048828125,3438,0.0,0.0,0.0,0
2025-04-01,-0.0012489260994595908,3063.7285505022323,3039.5785609654017,45.5,-10.800048828125,1721,0.0,0.0,0.0,1
2025-04-02,0.006733143306144385,3081.8428083147323,3050.6928362165177,51.2001953125,19.199951171875,5946,0.0,0.0,0.0,0
2025-04-03,-0.013662824828182485,3092.3142438616073,3058.0142647879466,114.89990234375,-53.0,5516,0.0,0.0,0.0,0
2025-04-04,-0.02744591540200192,3091.0428292410716,3058.871407645089,116.699951171875,-98.5,3247,0.0,0.0,0.0,0
2025-04-07,-0.020152706232362205,3075.4857003348216,3052.8856898716517,101.10009765625,-65.099853515625,4424,0.0,0.0,0.0,1
2025-04-08,0.00579400712659317,3058.6142578125,3048.0642613002233,46.10009765625,-25.60009765625,3213,0.0,0.0,0.0,1
2025-04-09,0.029679322380616213,3049.142822265625,3049.242832728795,124.599853515625,90.699951171875,2175,0.0,0.0,0.0,1
2025-04-10,0.0322918210933667,3054.328543526786,3059.028547014509,94.89990234375,81.300048828125,3456,0.0,0.0,0.0,1
2025-04-11,0.02123478734687345,3066.085693359375,3073.9642508370534,52.89990234375,40.099853515625,862,0.0,0.0,0.0,0
2025-04-14,-0.005400007016144959,3081.4857003348216,3086.899972098214,34.300048828125,-10.699951171875,263,0.0,0.0,0.0,1
2025-04-15,0.004337213595847489,3111.0142647879466,3101.028547014509,4.699951171875,2.699951171875,390,0.0,0.0,0.0,1
2025-04-16,0.03352289685936416,3164.6285574776784,3120.05712890625,96.599853515625,88.300048828125,1874,0.0,0.0,0.0,0
2025-04-17,-0.005380913232397977,3213.242850167411,3135.928553989955,57.199951171875,-36.300048828125,824,0.0,0.0,0.0,1
2025-04-21,0.029467767231497577,3263.1999860491073,3156.171404157366,76.300048828125,64.0,78,0.0,0.0,0.0,0
2025-04-22,-0.0015853157246075167,3298.285714285714,3176.30712890625,123.900146484375,-21.39990234375,785,0.0,0.0,0.0,0
2025-04-23,-0.03660903264303972,3306.0142996651784,3186.0499965122767,114.10009765625,-44.89990234375,331,0.0,0.0,0.0,1
2025-04-24,0.017000869988021305,3324.185721261161,3202.835710797991,49.0,26.60009765625,560,0.0,0.0,0.0,0
2025-04-25,-0.014885983690351101,3333.285714285714,3222.14998953683,89.39990234375,-73.10009765625,162,0.0,0.0,0.0,1
2025-04-28,0.015263252238240987,3334.1285574776784,3249.3785574776784,48.0,48.0,1300,0.0,0.0,0.0,0
2025-04-29,-0.0041110131048387455,3335.5714285714284,3274.40713936942,40.10009765625,-21.199951171875,1278,0.0,0.0,0.0,0
2025-04-30,-0.004158144095784855,3321.1142926897323,3292.15713936942,50.699951171875,-13.699951171875,207,0.0,0.0,0.0,0
2025-05-01,-0.02874432677760963,3293.8571428571427,3296.0714285714284,76.39990234375,-62.89990234375,2131,0.0,0.0,0.0,1
2025-05-02,0.006822399484034181,3287.5142647879466,3296.7642822265625,32.0,-8.0,1349,0.0,0.0,0.0,1
2025-05-05,0.024567637885936522,3284.55712890625,3304.371425083705,76.0,68.60009765625,244,0.0,0.0,0.0,1
2025-05-06,0.03022977442079,3302.9857003348216,3318.1357073102677,74.099853515625,45.89990234375,2357,0.0,0.0,0.0,0
2025-05-07,-0.008794043752944014,3309.9714006696427,3322.049979073661,54.0,-37.300048828125,1080,0.0,0.0,0.0,0
2025-05-08,-0.025078312869389552,3306.799979073661,3321.185703822545,101.300048828125,-93.39990234375,200,0.0,0.0,0.0,1
2025-05-09,0.011769642522029056,3311.142822265625,3316.1285574776784,36.5,36.39990234375,216,0.0,0.0,0.0,0
2025-05-12,-0.03459852063396052,3312.5713936941966,3303.21426827567,95.699951171875,-80.699951171875,886,0.0,0.0,0.0,1
2025-05-13,0.0063043629901009535,3313.771414620536,3300.642839704241,27.89990234375,8.300048828125,2424,0.0,0.0,0.0,0
2025-05-14,-0.01817737419276233,3295.2142508370534,3289.8856898716517,61.300048828125,-51.60009765625,3518,0.0,0.0,0.0,1
2025-05-15,0.012353067842610033,3267.9714006696427,3285.4785505022323,103.10009765625,69.699951171875,652,0.0,0.0,0.0,0
2025-05-16,-0.012016006383268829,3239.4857003348216,3274.7285505022323,54.2001953125,-45.699951171875,199,0.0,0.0,0.0,1
2025-05-19,0.01473912707220304,3229.8142438616073,3268.307111467634,12.699951171875,-5.5,266,0.0,0.0,0.0,1
2025-05-20,0.015918779782261305,3221.9428362165177,3266.5428292410716,85.699951171875,61.300048828125,356,0.0,0.0,0.0,1
2025-05-21,0.008840654686561367,3234.6999860491073,3273.6356898716517,27.300048828125,15.900146484375,979,0.0,0.0,0.0,0
2025-05-22,-0.0051370379685032885,3242.1285574776784,3277.9499860491073,45.300048828125,-35.0,1210,0.0,0.0,0.0,1
2025-05-23,0.021656607165408293,3268.157156808036,3281.685703822545,40.10009765625,35.60009765625,47,0.0,0.0,0.0,0
2025-05-27,-0.0191758824257805,3279.357177734375,3273.664289202009,44.699951171875,-33.39990234375,189,0.0,0.0,0.0,0
2025-05-28,-0.0016671212867737095,3295.300048828125,3267.3928745814733,0.0,0.0,127758,0.0,0.0,0.0,1
2025-05-29,0.007135049581982633,3307.900076729911,3268.857160295759,86.400146484375,33.400146484375,24370,0.0,0.0,0.0,0
2025-05-30,-0.008501460457109866,3309.1286272321427,3265.53573172433,47.10009765625,-26.2001953125,2213,0.0,0.0,0.0,1
2025-06-02,0.024841192416430236,3317.8857770647323,3276.29288155692,83.900146484375,73.7001953125,976,0.0,0.0,0.0,0
2025-06-03,-0.006052378179944973,3326.1571916852677,3284.1428745814733,58.699951171875,-34.900146484375,6410,0.0,0.0,0.0,1
2025-06-04,0.006954823344193173,3327.571463448661,3297.8643101283483,36.0,18.5,207,0.0,0.0,0.0,0
2025-06-05,-0.0067585738337409,3334.94287109375,3307.1500244140625,56.300048828125,-20.800048828125,731,0.0,0.0,0.0,0
2025-06-06,-0.008356462950437349,3339.0999930245534,3317.200020926339,58.300048828125,-41.60009765625,81,0.0,0.0,0.0,1
2025-06-09,0.002829068715957783,3341.242850167411,3324.571463448661,44.60009765625,16.5,1887,0.0,0.0,0.0,0
2025-06-10,-0.0033613021770798612,3345.814278738839,3327.471452985491,42.300048828125,18.89990234375,65,0.0,0.0,0.0,1
2025-06-11,0.0001204933891842952,3338.771414620536,3328.328595842634,34.699951171875,-6.699951171875,2106,0.0,0.0,0.0,1
2025-06-12,0.01794473628983151,3343.1571219308034,3334.657156808036,42.5,17.89990234375,1818,0.0,0.0,0.0,1
2025-06-13,0.014877710160320134,3351.399972098214,3339.4857177734375,36.699951171875,23.89990234375,499,0.0,0.0,0.0,0
2025-06-16,-0.010142238669664128,3357.928536551339,3346.435703822545,56.60009765625,-45.60009765625,480,0.0,0.0,0.0,0
2025-06-17,-0.002885350656363417,3367.05712890625,3353.0785609654017,22.199951171875,-11.699951171875,1477,0.0,0.0,0.0,1
2025-06-18,0.0009448860448830754,3375.299979073661,3358.271414620536,26.7998046875,4.5,0,0.0,0.0,0.0,0
2025-06-20,-0.006401543117381503,3382.0428641183034,3363.9285714285716,31.89990234375,18.10009765625,709,0.0,0.0,0.0,1
2025-06-23,0.00285022809218316,3390.0999930245534,3364.435703822545,37.89990234375,11.800048828125,30,0.0,0.0,0.0,0
2025-06-24,-0.017852399472962133,3381.028564453125,3362.092843191964,57.0,-40.60009765625,538,0.0,0.0,0.0,1
2025-06-25,0.0029240355694371,3366.157156808036,3358.778564453125,20.599853515625,5.5,373,0.0,0.0,0.0,1
2025-06-26,0.0019235677184039623,3357.171456473214,3357.5499965122767,1.10009765625,1.10009765625,2058,0.0,0.0,0.0,0
2025-06-27,-0.017939117692552853,3341.0428641183034,3354.0499965122767,64.89990234375,-45.0,284,0.0,0.0,0.0,1
2025-06-30,0.006323105807074736,3327.4142717633927,3351.3571254185267,44.89990234375,28.5,1242,0.0,0.0,0.0,1
2025-07-01,0.012839986061810915,3322.928536551339,3352.4857003348216,44.0,26.599853515625,371,0.0,0.0,0.0,1
2025-07-02,0.00338659423786547,3318.6856863839284,3354.392839704241,28.5,19.0,39,0.0,0.0,0.0,0
2025-07-03,-0.0048984176653972256,3320.714285714286,3350.871425083705,39.699951171875,-30.39990234375,0,0.0,0.0,0.0,1
2025-07-04,0.0002701111530112321,3321.4857003348216,3343.8214285714284,9.5,-9.5,0,0.0,0.0,0.0,0
2025-07-07,-9.003715772692988e-05,3321.299979073661,3339.2357177734375,34.10009765625,26.699951171875,254,0.0,0.0,0.0,0
2025-07-08,-0.007562556731630865,3326.05712890625,3333.5499965122767,46.89990234375,-23.39990234375,909,0.0,0.0,0.0,1
2025-07-09,0.0013910183417751298,3328.5142996651784,3327.964285714286,32.0,22.2001953125,114,0.0,0.0,0.0,1
2025-07-10,0.0017513602235985637,3325.757149832589,3324.342843191964,18.89990234375,-6.2001953125,209,0.0,0.0,0.0,1
2025-07-11,0.011635648035372315,3326.9000069754466,3322.7928466796875,39.5,25.5,776,0.0,0.0,0.0,0
2025-07-14,-0.001340882002383803,3329.742850167411,3325.2285679408483,25.5,-15.5,583,0.0,0.0,0.0,0
2025-07-15,-0.0064746982461211244,3329.3571428571427,3325.4214215959823,11.199951171875,-11.199951171875,210,0.0,0.0,0.0,1
2025-07-16,0.006817211495886655,3332.257149832589,3326.778564453125,23.39990234375,11.300048828125,10,0.0,0.0,0.0,0
2025-07-17,-0.003698703159955241,3336.9857352120534,3331.5214320591517,27.0,26.300048828125,667,0.0,0.0,0.0,1
2025-07-18,0.0038621304651325072,3342.9000069754466,3335.7071533203125,14.800048828125,14.800048828125,602,0.0,0.0,0.0,1
2025-07-21,0.014583925542424714,3354.971435546875,3340.3642926897323,61.39990234375,51.599853515625,53,0.0,0.0,0.0,1
2025-07-22,0.010964475704422494,3366.8571428571427,3346.878574916295,45.39990234375,28.199951171875,39,0.0,0.0,0.0,0
2025-07-23,-0.013113472364483347,3372.94287109375,3351.34286063058,45.7998046875,-36.199951171875,63,0.0,0.0,0.0,0
2025-07-24,-0.006805956510299027,3378.8285784040177,3354.09286063058,4.0,4.0,1175,0.0,0.0,0.0,0
2025-07-25,-0.010975971521803629,3376.185721261161,3354.221435546875,18.5,-10.0,67,0.0,0.0,0.0,0
2025-07-28,-0.007468477007723462,3371.757149832589,3354.3714425223216,17.699951171875,-17.5,533,0.0,0.0,0.0,1
2025-07-29,0.00432135754902907,3367.528564453125,3355.214285714286,0.0,0.0,113144,0.0,0.0,0.0,0
2025-07-30,-0.008304704316853595,3352.3714425223216,3353.6714390345983,67.900146484375,-30.0,19252,0.0,0.0,0.0,0
2025-07-31,-0.0007889124393861691,3331.5142996651784,3349.185721261161,39.10009765625,20.300048828125,3704,0.0,0.0,0.0,1
2025-08-01,0.01654925325156964,3324.8857073102677,3348.914289202009,79.60009765625,61.5,3420,0.0,0.0,0.0,1
2025-08-04,0.007975610586763882,3325.371407645089,3352.0999930245534,39.10009765625,6.7998046875,351,0.0,0.0,0.0,1
2025-08-05,0.00222261741851959,3332.2142508370534,3354.1999860491073,36.0,3.39990234375,915,0.0,0.0,0.0,0
2025-08-06,-0.0005617855047789222,3342.3428083147323,3357.049979073661,22.0,-0.699951171875,1492,0.0,0.0,0.0,1
2025-08-07,0.006005931605954196,3353.328543526786,3360.428553989955,38.0,15.400146484375,5464,0.0,0.0,0.0,1
2025-08-08,0.011410772070393316,3373.799979073661,3363.085710797991,74.5,0.300048828125,7657,0.0,0.0,0.0,0
2025-08-11,-0.025006541699268636,3382.3571428571427,3356.935721261161,34.699951171875,-30.7998046875,1488,0.0,0.0,0.0,0
2025-08-12,-0.0012526304584333792,3382.528564453125,3353.7071358816966,26.099853515625,-7.300048828125,1611,0.0,0.0,0.0,1
2025-08-13,0.002926348685807545,3380.285714285714,3352.8285609654017,4.699951171875,-0.10009765625,1011,0.0,0.0,0.0,0
2025-08-14,-0.006996754798475169,3373.6142926897323,3352.9142717633927,27.10009765625,-11.60009765625,592,0.0,0.0,0.0,1
2025-08-15,0.00023988031897270723,3367.3285784040177,3354.835693359375,10.900146484375,-10.800048828125,1185,0.0,0.0,0.0,0
2025-08-18,-0.0012889834616681695,3357.528564453125,3355.428553989955,16.10009765625,-1.800048828125,646,0.0,0.0,0.0,0
2025-08-19,-0.00549270615491293,3339.5713936941966,3356.6856863839284,30.10009765625,-16.800048828125,1655,0.0,0.0,0.0,1
2025-08-20,0.009054144046657164,3338.1856515066966,3360.27139718192,33.39990234375,32.7998046875,1213,0.0,0.0,0.0,0
2025-08-21,-0.0019441287880170854,3336.471365792411,3359.4999651227677,22.89990234375,-12.5,142,0.0,0.0,0.0,1
2025-08-22,0.011237975695243652,3338.7142159598216,3359.4999651227677,28.300048828125,25.0,1240,0.0,0.0,0.0,0
2025-08-25,-0.00017776598298513413,3344.228515625,3358.921404157366,12.0,7.800048828125,1044,0.0,0.0,0.0,1
2025-08-26,0.00438675932596122,3351.7428152901784,3359.5356968470983,25.39990234375,9.7001953125,905,0.0,0.0,0.0,1
2025-08-27,0.004721713846100206,3362.1571219308034,3359.842843191964,22.60009765625,7.60009765625,3222,0.0,0.0,0.0,1
2025-08-28,0.007989176523433672,3379.0714285714284,3359.3214111328125,34.60009765625,22.800048828125,1035,0.0,0.0,0.0,1
2025-08-29,0.012209307578411543,3397.685721261161,3367.9356863839284,49.0,41.199951171875,0,0.0,0.0,0.0,1
2025-09-02,0.02179231143620708,3428.0428641183034,3382.2571149553573,73.5,63.699951171875,658,0.0,0.0,0.0,1
2025-09-03,0.012340127918300414,3459.3000139508927,3399.0071149553573,40.5,38.39990234375,72,0.0,0.0,0.0,0
2025-09-04,-0.007625487786955487,3486.728585379464,3415.4785505022323,23.7001953125,15.900146484375,237,0.0,0.0,0.0,1
2025-09-05,0.01329292211977151,3518.814278738839,3435.278547014509,45.39990234375,45.39990234375,925,0.0,0.0,0.0,1
2025-09-08,0.0068914388411576155,3552.1714215959823,3457.1642717633927,51.0,43.60009765625,97,0.0,0.0,0.0,1
2025-09-09,0.0014293040412012292,3582.3857073102677,3480.7285679408483,42.599853515625,-3.800048828125,535,0.0,0.0,0.0,1
2025-09-10,8.235633192543723e-05,3606.657156808036,3502.1714390345983,34.599853515625,18.60009765625,136,0.0,0.0,0.0,0
2025-09-11,-0.001838894261971813,3619.157156808036,3523.60001046317,18.5,4.0,307,0.0,0.0,0.0,1
2025-09-12,0.00343699313581447,3627.185721261161,3543.2428676060267,13.800048828125,-6.10009765625,1300,0.0,0.0,0.0,1
2025-09-15,0.008987792433232666,3643.814278738839,3565.2714320591517,51.2998046875,42.199951171875,210,0.0,0.0,0.0,1
2025-09-16,0.0018195511543968035,3654.6285574776784,3586.721418108259,17.2001953125,7.5,373,0.0,0.0,0.0,0
2025-09-17,-0.0019246533393638687,3660.871407645089,3606.521414620536,23.599853515625,12.800048828125,183,0.0,0.0,0.0,0
2025-09-18,-0.010348225637178965,3660.928536551339,3621.6571219308034,30.39990234375,-10.900146484375,80,0.0,0.0,0.0,1
2025-09-19,0.007629620770278844,3664.914236886161,3635.7856968470983,27.699951171875,12.5,211,0.0,0.0,0.0,1
2025-09-22,0.01884786903768898,3679.7428152901784,3649.4499860491073,60.199951171875,52.5,410,0.0,0.0,0.0,1
2025-09-23,0.010666492101799152,3698.4857003348216,3662.835710797991,46.0,33.60009765625,627,0.0,0.0,0.0,0
2025-09-24,-0.012828651205417652,3705.6142926897323,3674.714285714286,40.39990234375,-37.699951171875,588,0.0,0.0,0.0,1
2025-09-25,0.0012860868041868478,3712.471435546875,3683.5499965122767,31.300048828125,-5.900146484375,1899,0.0,0.0,0.0,1
2025-09-26,0.010275936601965352,3725.8285784040177,3693.3499930245534,0.0,0.0,19308,0.0,0.0,0.0,1
2025-09-29,0.012078471360118748,3751.1428571428573,3706.0356968470983,72.800048828125,66.099853515625,8860,0.0,0.0,0.0,1
2025-09-30,0.005208235492420998,3775.3285784040177,3720.121407645089,72.10009765625,13.300048828125,1611,0.0,0.0,0.0,1
2025-10-01,0.006951663932628138,3793.44287109375,3736.592843191964,38.599853515625,4.0,1778,0.0,0.0,0.0,0
2025-10-02,-0.007188118636877849,3801.8857073102677,3750.185703822545,64.900146484375,-16.5,3418,0.0,0.0,0.0,1
2025-10-03,0.010703986816393396,3823.1285574776784,3764.371425083705,33.10009765625,25.60009765625,392,0.0,0.0,0.0,1
2025-10-06,0.01744484392910639,3853.3571428571427,3782.914289202009,33.199951171875,17.199951171875,1267,0.0,0.0,0.0,1
2025-10-07,0.007116651299544197,3882.1142926897323,3803.971435546875,41.5,17.2001953125,2903,0.0,0.0,0.0,1
2025-10-08,0.016773110077421993,3913.8857421875,3832.5142996651784,62.0,56.10009765625,2179,0.0,0.0,0.0,0
2025-10-09,-0.02399030465921359,3928.9571707589284,3852.1428745814733,106.199951171875,-64.89990234375,3130,0.0,0.0,0.0,1
2025-10-10,0.007500659643053353,3944.44287109375,3868.94287109375,66.5,18.89990234375,1697,0.0,0.0,0.0,1
2025-10-13,0.033376140891845596,3982.857177734375,3892.3714425223216,95.0,92.60009765625,1697,0.0,0.0,0.0,1
2025-10-14,0.007326120075161535,4019.7000558035716,3921.414306640625,74.300048828125,7.0,2424,0.0,0.0,0.0,1
2025-10-15,0.009229880210824382,4052.32861328125,3952.8428780691966,65.60009765625,31.89990234375,3287,0.0,0.0,0.0,1
2025-10-16,0.024731330743833713,4095.7000558035716,3988.9071742466517,110.39990234375,81.400390625,4705,0.0,0.0,0.0,0
2025-10-17,-0.021097212477968474,4116.64289202009,4015.264317103795,175.7998046875,-164.80029296875,4060,0.0,0.0,0.0,1
2025-10-20,0.03496503577998378,4172.371442522322,4050.664306640625,142.0,92.2998046875,1750,0.0,0.0,0.0,0
2025-10-21,-0.057351710352510854,4188.342878069197,4066.3928745814733,245.000244140625,-245.000244140625,2943,0.0,0.0,0.0,0
2025-10-22,-0.010592765943036375,4179.171421595982,4081.0142996651784,142.5,-65.30029296875,1237,0.0,0.0,0.0,1
2025-10-23,0.02005244278866991,4177.285679408482,4098.492867606027,66.099853515625,47.10009765625,354,0.0,0.0,0.0,0
2025-10-24,-0.001721027186098678,4168.92853655134,4110.628574916294,45.7001953125,0.89990234375,123,0.0,0.0,0.0,0
2025-10-27,-0.028287685208447266,4129.171351841518,4112.435703822544,107.300048828125,-58.10009765625,220,0.0,0.0,0.0,0
2025-10-28,-0.008920750654199727,4097.214215959822,4106.928553989956,42.599853515625,36.5,219,0.0,0.0,0.0,1
2025-10-29,0.0044122838524138785,4046.8285086495534,4109.5999755859375,0.0,0.0,1344,0.0,0.0,0.0,1
2025-10-30,0.00441802793181556,4034.485665457589,4111.414271763393,113.5,41.300048828125,935,0.0,0.0,0.0,0
2025-10-31,-0.004773472977074977,4025.5999581473216,4102.385689871652,57.89990234375,-52.300048828125,559,0.0,0.0,0.0,1
2025-11-03,0.004545250835765735,4007.7142508370534,4092.4999651227677,61.0,24.10009765625,0,0.0,0.0,0.0,0
2025-11-04,-0.013149038075696118,3983.328543526786,4076.1285400390625,68.0,-46.5,657,0.0,0.0,0.0,1
2025-11-05,0.008257997836581543,3980.242850167411,4054.707101004464,53.60009765625,50.400146484375,559,0.0,0.0,0.0,0
2025-11-06,-0.00010053173867952125,3982.1999860491073,4039.707101004464,27.60009765625,-24.10009765625,650,0.0,0.0,0.0,1
2025-11-07,0.004899620713705977,3984.4428362165177,4015.635672433036,18.599853515625,18.599853515625,245,0.0,0.0,0.0,1
2025-11-10,0.02810419190086022,4000.228515625,4017.357090541295,51.7998046875,51.7998046875,189,0.0,0.0,0.0,0
2025-11-11,-0.0012160125097286922,4018.028494698661,4021.814226422991,33.30029296875,-33.30029296875,569,0.0,0.0,0.0,1
2025-11-12,0.023765487069725033,4047.185616629464,4027.449933733259,101.5,88.7998046875,396,0.0,0.0,0.0,0
2025-11-13,-0.004162306252134762,4081.3570382254466,4032.342790876116,65.0,-41.80029296875,167,0.0,0.0,0.0,0
2025-11-14,-0.02371678497303309,4096.685616629465,4038.4642333984375,150.89990234375,-110.10009765625,483,0.0,0.0,0.0,0
2025-11-17,-0.004721608857772397,4109.314208984375,4045.757097516741,80.10009765625,-1.699951171875,1552,0.0,0.0,0.0,0
2025-11-18,-0.0017206203859069236,4118.157087053572,4051.299961635045,27.7998046875,23.900146484375,1375,0.0,0.0,0.0,1
2025-11-19,0.004038091780114161,4113.285679408482,4056.757097516741,50.7001953125,-8.400146484375,486,0.0,0.0,0.0,0
2025-11-20,-0.005198997333235034,4106.099993024553,4062.0642438616073,50.199951171875,11.5,202,0.0,0.0,0.0,1
2025-11-21,0.0049796502334216175,4087.8571428571427,4067.5213797433034,53.39990234375,44.89990234375,171,0.0,0.0,0.0,1
2025-11-24,0.003728493966671742,4074.285714285714,4077.82137625558,31.39990234375,31.39990234375,591,0.0,0.0,0.0,1
2025-11-25,0.01155949414638835,4081.657156808036,4089.17138671875,0.0,0.0,132704,0.0,0.0,0.0,1
2025-11-26,0.006281406738781081,4095.5000348772323,4102.407121930803,43.5,36.60009765625,25088,0.0,0.0,0.0,1
2025-11-28,0.012748393086785548,4117.928571428572,4118.042829241072,83.89990234375,54.89990234375,3615,0.0,0.0,0.0,1
2025-12-01,0.004978309027884764,4141.014264787947,4127.149972098215,47.2001953125,20.7998046875,913,0.0,0.0,0.0,0
2025-12-02,-0.012431229084807538,4159.599993024553,4132.849993024553,63.5,-43.89990234375,366,0.0,0.0,0.0,1
2025-12-03,0.0030334177459079292,4177.1142578125,4132.485700334822,38.39990234375,-16.400390625,1897,0.0,0.0,0.0,1
2025-12-04,0.0029766867290701438,4194.242815290178,4134.264264787947,36.7998046875,0.7998046875,616,0.0,0.0,0.0,1
2025-12-05,0.0002611941942316509,4204.771344866072,4143.214250837053,61.2001953125,8.7998046875,533,0.0,0.0,0.0,0
2025-12-08,-0.006100241550233032,4207.914202008928,4151.707118443081,40.2998046875,-18.2998046875,318,0.0,0.0,0.0,1
2025-12-09,0.004657049840088856,4206.257114955357,4162.092843191965,42.0,16.0,660,0.0,0.0,0.0,0
2025-12-10,-0.002448544581386547,4200.128557477678,4170.5714111328125,50.89990234375,-12.60009765625,692,0.0,0.0,0.0,1
2025-12-11,0.021232508752677903,4214.257114955357,4186.928553989956,72.60009765625,61.5,528,0.0,0.0,0.0,1
2025-12-12,0.0034068597961147695,4228.657156808035,4202.885707310268,95.0,23.7001953125,1531,0.0,0.0,0.0,1
2025-12-15,0.001534870702160518,4242.21435546875,4218.228585379465,56.30029296875,-1.599609375,854,0.0,0.0,0.0,0
2025-12-16,-0.0005108772871849077,4255.300083705357,4230.035714285715,50.89990234375,34.0,1796,0.0,0.0,0.0,1
2025-12-17,0.009989545824137469,4278.200055803572,4243.05712890625,42.89990234375,39.0,2169,0.0,0.0,0.0,0
2025-12-18,-0.001840138010350767,4297.171456473215,4251.714285714285,19.89990234375,8.5,705,0.0,0.0,0.0,1
2025-12-19,0.005046641858220902,4320.742885044643,4260.43572126116,11.2998046875,11.2998046875,1065,0.0,0.0,0.0,1
2025-12-22,0.019076488553088078,4343.471470424107,4278.864292689732,76.5,73.5,449,0.0,0.0,0.0,1
2025-12-23,0.008594633081026481,4369.571428571428,4299.114292689732,53.39990234375,-20.5,694,0.0,0.0,0.0,0
2025-12-24,-0.000490699368048908,4394.414271763393,4318.314313616072,35.0,-20.10009765625,500,0.0,0.0,0.0,1
2025-12-26,0.010824442919012078,4426.5,4340.900041852678,54.2998046875,17.10009765625,263,0.0,0.0,0.0,0
2025-12-29,-0.04504206036549452,4423.300013950893,4350.750034877232,53.89990234375,-46.39990234375,2044,0.0,0.0,0.0,1
2025-12-30,0.010404383478751278,4427.671456473215,4362.421456473215,65.60009765625,23.7001953125,1837,0.0,0.0,0.0,0
2025-12-31,-0.010182833117224455,4422.557198660715,4371.650041852678,78.7998046875,-7.89990234375,785,0.0,0.0,0.0,0
2026-01-02,-0.0025892812695673673,4403.957170758928,4373.714320591518,36.2001953125,-36.2001953125,589,0.0,0.0,0.0,1
2026-01-05,0.028393288237711367,4397.400041852678,4383.485735212053,58.7001953125,50.19970703125,618,0.0,0.0,0.0,1
2026-01-06,0.010209897443217208,4397.628627232143,4396.021449497768,33.2001953125,32.5,459,0.0,0.0,0.0,0
2026-01-07,-0.00734023229471259,4386.228585379465,4406.364292689732,0.7001953125,-0.7001953125,972,0.0,0.0,0.0,1
2026-01-08,8.998958096251286e-05,4404.028599330357,4413.664306640625,43.2998046875,-10.5,2423,0.0,0.0,0.0,1
2026-01-09,0.009124122433634918,4421.199986049107,4424.43572126116,17.2998046875,17.2998046875,237,0.0,0.0,0.0,1
2026-01-12,0.02538805980861092,4461.014229910715,4441.785714285715,42.2001953125,25.19970703125,156,0.0,0.0,0.0,0
2026-01-13,-0.0032794583357990126,4500.271414620535,4452.114292689732,38.5,10.60009765625,239,0.0,0.0,0.0,1
2026-01-14,0.00808411221913885,4527.328543526785,4462.364292689732,26.7998046875,16.0,1313,0.0,0.0,0.0,0
2026-01-15,-0.0021615546813174014,4546.485630580357,4472.05712890625,3.39990234375,3.39990234375,4358,0.0,0.0,0.0,0
2026-01-16,-0.00604378041378939,4566.357073102678,4476.292829241072,19.60009765625,-19.60009765625,352,0.0,0.0,0.0,1
2026-01-20,0.03731152448701147,4610.628487723215,4507.328543526785,102.2001953125,97.39990234375,175,0.0,0.0,0.0,1
2026-01-21,0.01516928009704066,4659.414202008928,4540.307094029018,100.7998046875,-31.7001953125,1706,0.0,0.0,0.0,1
2026-01-22,0.015936090714126827,4702.914202008928,4581.964215959822,116.89990234375,116.89990234375,1175,0.0,0.0,0.0,1
2026-01-23,0.013730523408316264,4758.199916294643,4629.23566545759,40.2001953125,26.60009765625,169,0.0,0.0,0.0,1
2026-01-26,0.02079900243914934,4822.971400669643,4675.149972098215,43.39990234375,-1.7998046875,180,0.0,0.0,0.0,1
2026-01-27,3.9314727950712225e-05,4889.199986049107,4717.842808314732,0.0,0.0,34,0.0,0.0,0.0,1
2026-01-28,0.043642630676681726,4991.085728236607,4778.721400669643,0.0,0.0,112054,0.0,0.0,0.0,1
2026-01-29,0.0031688177867144063,5070.914271763393,4840.771379743303,488.7001953125,-97.30029296875,23709,0.0,0.0,0.0,0
2026-01-30,-0.11366200569716556,5054.071428571428,4856.742815290178,740.5,-662.5,8374,0.0,0.0,0.0,0
2026-02-02,-0.019389444883695095,5013.171456473215,4858.042829241072,455.7998046875,-185.2001953125,3588,0.0,0.0,0.0,1
2026-02-03,0.06083292489183334,5002.814313616072,4880.507114955357,310.30029296875,223.7001953125,1213,0.0,0.0,0.0,1
2026-02-04,0.0034055318159975645,4980.05712890625,4901.514264787947,184.30029296875,-2.89990234375,3886,0.0,0.0,0.0,0
2026-02-05,-0.011990895287168901,4948.842843191965,4919.021414620535,226.2998046875,-147.30029296875,793,0.0,0.0,0.0,1
2026-02-06,0.01847210572523683,4898.785714285715,4944.93572126116,303.5,189.2001953125,1386,0.0,0.0,0.0,1
2026-02-09,0.020136472592168664,4860.571428571428,4965.74285016741,86.60009765625,33.5,170,0.0,0.0,0.0,0
2026-02-10,-0.009325090294185823,4901.985700334822,4978.028564453125,26.2998046875,-9.7001953125,281,0.0,0.0,0.0,1
2026-02-11,0.013549761304446184,4966.142857142857,4989.657156808035,70.0,21.7001953125,2681,0.0,0.0,0.0,0
2026-02-12,-0.029162374693560533,4969.0,4985.907156808035,186.10009765625,-136.69970703125,484,0.0,0.0,0.0,1
2026-02-13,0.019964620262842958,4983.514299665178,4981.785714285715,97.69970703125,69.0,232,0.0,0.0,0.0,0
2026-02-17,-0.027698147681451624,4986.585728236607,4967.714285714285,172.2001953125,-137.10009765625,540,0.0,0.0,0.0,1
2026-02-18,0.021216920217128177,4991.628557477678,4945.207135881697,117.5,114.2998046875,544,0.0,0.0,0.0,0
2026-02-19,-0.0021257590807680637,4980.914271763393,4920.74285016741,38.80029296875,-38.80029296875,37,0.0,0.0,0.0,1
2026-02-20,0.016760767696405443,4988.842843191965,4945.414271763393,33.2001953125,19.7998046875,134,0.0,0.0,0.0,1
2026-02-23,0.028739231956620648,5007.857142857143,4987.0,91.30029296875,84.400390625,779,0.0,0.0,0.0,0
2026-02-24,-0.009395428898871239,5041.014229910715,5005.007114955357,46.2998046875,-3.0,88,0.0,0.0,0.0,1
2026-02-25,0.00981420915727682,5067.357073102678,5025.435686383928,40.39990234375,40.39990234375,1772,0.0,0.0,0.0,0
2026-02-26,-0.005742913127032345,5109.299944196428,5047.942836216518,55.30029296875,-0.7001953125,1520,0.0,0.0,0.0,1
2026-02-27,0.010431758910460776,5144.157087053572,5067.892822265625,103.2998046875,43.7998046875,354,0.0,0.0,0.0,1
2026-03-02,0.012216786606203955,5189.657087053572,5085.285679408482,138.7001953125,-52.2001953125,72,0.0,0.0,0.0,0
2026-03-03,-0.03532033912232768,5196.528529575893,5092.685686383928,280.7998046875,-191.30029296875,1776,0.0,0.0,0.0,1
2026-03-04,0.002506224931178025,5184.457101004465,5096.157121930803,63.0,-10.5,679,0.0,0.0,0.0,0
2026-03-05,-0.010722313294558417,5171.528529575893,5106.271379743303,114.7998046875,-104.2001953125,1701,0.0,0.0,0.0,1
2026-03-06,0.015951729627923683,5162.914271763393,5115.135672433035,70.0,25.10009765625,148,0.0,0.0,0.0,0
2026-03-09,-0.010609995262454652,5150.771414620535,5130.035679408482,82.89990234375,-63.5,639,0.0,0.0,0.0,1
2026-03-10,0.02714331637287626,5150.657156808035,5147.407121930803,92.10009765625,91.5,4300,0.0,0.0,0.0,0
2026-03-11,-0.011912784794927855,5132.514299665178,5161.085693359375,23.89990234375,-23.39990234375,633,0.0,0.0,0.0,0
2026-03-12,-0.009985698539191068,5133.714285714285,5165.12140764509,21.400390625,-21.400390625,410,0.0,0.0,0.0,0
2026-03-13,-0.012373393624492413,5124.042829241072,5154.249965122768,107.5,-37.10009765625,479,0.0,0.0,0.0,0
2026-03-16,-0.011578426521523966,5113.857142857143,5142.692836216518,16.60009765625,-7.60009765625,130,0.0,0.0,0.0,1
2026-03-17,0.0014016820184221679,5093.128557477678,5128.021414620535,23.39990234375,-16.60009765625,239,0.0,0.0,0.0,0
2026-03-18,-0.02221557641596683,5064.328543526785,5107.54997907366,127.89990234375,-59.7001953125,1461,0.0,0.0,0.0,0
2026-03-19,-0.059142255016843004,4974.471400669643,5062.56427873884,276.2998046875,-229.599609375,627,0.0,0.0,0.0,0
2026-03-20,-0.006586017710874081,4889.185686383928,5010.849993024553,116.5,-116.5,235,0.0,0.0,0.0,0
2026-03-23,-0.036386269963426976,4787.514299665178,4960.614292689732,379.60009765625,51.10009765625,544,0.0,0.0,0.0,0
2026-03-24,-0.0010899600059736114,4694.199986049107,4909.12140764509,74.099609375,60.599609375,378,0.0,0.0,0.0,1
2026-03-25,0.03420998947142473,4630.742815290178,4872.29997907366,10.10009765625,0.7998046875,388,0.0,0.0,0.0,0
2026-03-26,-0.03830933495313904,4541.385672433035,4817.257114955357,67.60009765625,-66.0,1070,0.0,0.0,0.0,1
2026-03-27,0.026625528511027285,4484.542829241072,4774.435686383928,0.0,0.0,74348,0.0,0.0,0.0,1
2026-03-30,0.0075690115761353205,4473.871372767857,4724.17138671875,165.7001953125,43.2001953125,10816,0.0,0.0,0.0,1
2026-03-31,0.026867012297006276,4484.899972098215,4687.042829241072,175.5,137.60009765625,4264,0.0,0.0,0.0,1
2026-04-01,0.029176369482527553,4539.05712890625,4663.285714285715,121.10009765625,114.80029296875,1637,0.0,0.0,0.0,0
2026-04-02,-0.02753390824861668,4575.085728236607,4634.642857142857,225.5,-113.39990234375,0,0.0,0.0,0.0,1
2026-04-06,0.0011393754030957215,4590.371442522322,4610.55712890625,84.60009765625,0.69970703125,148,0.0,0.0,0.0,1
2026-04-07,6.44848353685834e-05,4630.600027901785,4585.99285016741,68.2998046875,32.2001953125,327,0.0,0.0,0.0,1
2026-04-08,0.019840651995058467,4667.3857421875,4575.964285714285,112.2001953125,-10.5,405,0.0,0.0,0.0,1
2026-04-09,0.008990461166964892,4705.414341517857,4589.642857142857,88.10009765625,81.2001953125,1277,0.0,0.0,0.0,0
2026-04-10,-0.0063228353853806984,4721.742885044643,4603.321428571428,46.10009765625,16.0,812,0.0,0.0,0.0,0
2026-04-13,-0.0040950041789837854,4715.914271763393,4627.485700334822,38.39990234375,38.39990234375,32,0.0,0.0,0.0,1
2026-04-14,0.017417362381318302,4740.699986049107,4657.892857142857,71.5,54.89990234375,288,0.0,0.0,0.0,0
2026-04-15,-0.005181347150259086,4761.157156808035,4675.764299665178,45.60009765625,-43.60009765625,182,0.0,0.0,0.0,0
2026-04-16,-0.0030416870117186967,4779.485700334822,4705.042864118303,25.5,-25.5,805,0.0,0.0,0.0,1
2026-04-17,0.015087599111024863,4794.928571428572,4731.157156808035,112.5,86.0,1902,0.0,0.0,0.0,0
2026-04-20,-0.010499011646637357,4796.985700334822,4751.20002092634,41.0,12.7001953125,724,0.0,0.0,0.0,0
2026-04-21,-0.022510754611198003,4787.914271763393,4754.828578404018,28.60009765625,0.0,1197,0.0,0.0,0.0,1
2026-04-22,0.007257810821773569,4786.5,4751.207135881697,21.7001953125,-21.7001953125,765,0.0,0.0,0.0,0
2026-04-23,-0.0057897310816165115,4769.371442522322,4755.035714285715,27.2998046875,-6.39990234375,292,0.0,0.0,0.0,1
2026-04-24,0.0036555454027040746,4758.271414620535,4759.714285714285,64.7998046875,27.2998046875,45,0.0,0.0,0.0,0
2026-04-27,-0.009931580857529543,4742.55712890625,4761.021414620535,35.7001953125,-32.2001953125,538,-0.00946428571428572,7.0,1.0,0
2026-04-28,-0.01794496815164226,4704.542829241072,4749.735700334822,89.39990234375,-89.39990234375,538,-0.07571608946608946,6.0,1.0,0
2026-04-29,-0.0035717962199172115,4671.471400669643,4734.228550502232,102.099609375,-36.2998046875,94685,0.05873136637025526,18.0,1.0,1
2026-04-30,0.011999716109353464,4661.699986049107,4724.80712890625,108.0,73.0,91197,0.050971077441077435,25.0,1.0,0
2026-05-01,-0.0009503028820194714,4646.428571428572,4716.464285714285,103.0,-11.2998046875,91619,0.046060606060606066,11.0,1.0,0
2026-05-03,-0.002853726010423663,4633.185686383928,4701.278564453125,46.80029296875,-31.60009765625,7558,-0.07427248677248677,7.0,1.0,0
2026-05-04,-0.0138539380141951,4608.357142857143,4683.31427873884,28.7998046875,14.5,7120,0.035209517045454546,16.0,1.0,1
2026-05-05,0.01991867597147401,4603.171456473215,4672.864292689732,83.39990234375,69.80029296875,16039,0.016226765133015134,12.0,1.0,1
2026-05-06,0.019249380872944588,4622.728585379465,4663.635707310268,35.10009765625,26.19970703125,11269,0.09937588288904078,19.0,1.0,1
2026-05-07,6.35083696285399e-05,4644.671456473215,4658.071428571428,58.10009765625,46.2001953125,11471,0.008276643990929707,7.0,1.0,0
2026-05-08,-0.0010573730186904662,4658.057198660715,4659.87859235491,89.39990234375,41.2001953125,114845,0.04896885521885522,15.0,1.0,0
2026-05-10,-0.004593897668195401,4668.971470424107,4657.70002092634,35.7001953125,12.0,15945,0.11152777777777778,10.0,1.0,1
2026-05-11,0.00789028023314553,4687.071498325893,4660.12859235491,53.60009765625,-6.19970703125,19738,-0.020722853535353532,6.0,1.0,0
